﻿1,Jingtian
2,Jingfeng
3,Jingyun
4,Ba
5,Guo
6,Bubai
7,Yunfan
8,Tianzhe
9,Yijian
10,Yidao
11,Wentian
12,Jiulang
13,Jiutong
14,Shubiao
15,Suifeng
16,Chuixue
17,Zhaixing
18,Feng
19,Zhangying
20,Yihen
21,Xinghe
22,Buqi
23,Buli
24,Buji
25,Yin
26,Zhangfeng
27,Bieli
28,Tongtian
29,Wutian
30,Tieshou
31,Shouji
32,Dianqi
33,Chong
34,Wuhuan
35,Tiexin
36,Xiao
37,Xun
38,Wuhui
39,Guxing
40,Guyue
41,Yunsheng
42,Wuming
43,Zhangkong
44,Qianqiu
45,Tianzun
46,Wuji
47,Zilong
48,Batian
49,Jianglong
50,Lang
51,Xiaoyao
52,Lie
53,Feng
54,Tingxue
55,Muzhi
56,Tiezheng
57,Jingchou
58,Wufeng
59,Tuo
60,Tuoyu
61,Jian
62,Quaner
63,Qiukuang
64,Liuhe
65,Qixiu
66,Bahuang
67,Jiutian
68,Mozhi
69,Pojun1
70,Tanlang
71,Kun
72,Xiu
73,Jinhu
74,Tianhang
75,Qinghuang
76,Xilie
77,Guizhou
78,Feiyu
79,Ruolong
80,Wuyong
81,Buan
82,Jingxuan
83,Youqi
84,Wuzheng
85,Buer
86,Shaogong
87,Dingcang
88,Fengdian
89,Tong
90,Bufu
91,Liangxia
92,Huigang
93,Zidian
94,Youxi
95,Sanxiao
96,Gexian
97,Gangda
98,Wugong
99,Wukong
100,Jiujie
101,Youlong
102,Ergou
103,Apeng
104,Tieren
105,Pidan
106,Goudan
107,Tiedan
108,Gangdan
109,Manniu
110,Aoding
# Å®Ãû,
10000,Ruyan
10001,Ruyue
10002,Ruhua
10003,Waner
10004,Qingsi
10005,Yinfeng
10006,Kui
10007,Meihen
10008,Wanqing
10009,Zhiruo
10010,Yuyan
10011,Feiyan
10012,Feiyan
10013,Qiushui
10014,Qingluo
10015,Shishi
10016,Shiyin
10017,Erniang
10018,Sanniang
10019,Siniang
10020,Wuniang
10021,Liuniang,หลิวเนียง
10022,Qiniang
10023,Yuer
10024,Wuyue
10025,Shiniang
10026,Shiyiniang
10027,Yuxi
10028,Shisanniang
10029,Bingbing
10030,Yunmeng
10031,Xue
10032,Zi
10033,Min
10034,Yan
10035,Ziyan
10036,Jiumei
10037,Qiqi
10038,Ruolan
10039,Xinlan
10040,Qingxuan
10041,Xuner
10042,Bi
10043,Qi
10044,Shuangshuang
10045,Yingying
10046,Ronger
10047,Zhenzhen
10048,Feifei
10049,Xiaoqian
10050,Shuanger
10051,Shanshan
10052,Hongyue
10053,Tienan
10054,Miaoyi
10055,Qiushui
10056,Yexuan
10057,Yingluo
10058,Gu
10059,Feishuang
10060,Meng
10061,Niang
10062,Canyue
10063,Linger
10064,Yueru
10065,Pinru
10066,Jiuzhen
10067,Mochou
10068,Mingyue
10069,Chuchu
10070,Xiuxue
10071,Qingxiu
10072,Hongxiu
10073,Dongmei
10074,Qiuju
10075,Xiahe
10076,Chunlan
10077,Shengnan
10078,Zhaodi
10079,Zizhu
10080,Xiangyu
10081,Yaoqin
10082,Wangqin
10083,Yashu
10084,Xiangyun
10085,Yutang
10086,Shiping
10087,Yuhuan
10088,Miaotong
10089,Huiyan
10090,Qianyun
10091,Qingyu
10092,Qiqi
10093,Wanyue
10094,Ziling
10095,Dengran
10096,Hanxue
10097,Yanyu
10098,Liuyan
10099,Zisu
10100,Shuying
10101,Jingfeng
10102,Cuihua
10103,Jinhua
10104,Guafu
10105,Yuen¨¹
10106,Qixuan
10107,Baimei
10108,Heimei
10109,Xirong
10110,Baihua
