﻿1,Wang
2,Feng
3,Zhang
4,Chen
5,Li
6,Wu
7,Yu
8,Ji
9,Liu
10,Guan
11,Fu
12,Zhao
13,Qian
14,Zhou
15,Hao
16,Sun
17,Zheng
18,Hua
19,Ye
20,Shen
21,Su
22,Xiao
23,Duan
24,Gu
25,Ni
26,He
27,Bai
28,Xiong
29,Huang
30,Nangong
31,Ximen
32,Shangguan
33,Murong
34,Sikong
35,Yuwen
36,Lian
37,Ouyang
38,Ding
39,Linghu
40,Ma
41,Lin
42,Duan
43,Ying
44,Qian
45,Yue
46,Zhuge
47,Jin
48,Liang
49,Wen
50,Gu
51,Lu
52,Han
# Å®ÐÕ,
100,Wang
101,Feng
102,Zhang
103,Chen
104,Li
105,Wu
106,Yu
107,Ji
108,Liu
109,Guan
110,Fu
111,Zhao
112,Qian
113,Zhou
114,Hao
115,Sun
116,Zheng
117,Hua
118,Ye,เย่
119,Shen
120,Su
121,Xiao
122,Duan
123,Gu
124,Ni
125,He
126,Bai
127,Xiong
128,Huang
129,Nangong
130,Ximen
131,Shangguan
132,Murong
133,Sikong
134,Yuwen
135,Lian
136,Ouyang
137,Ding
138,Linghu
139,Ma
140,Lin
141,Duan
142,Ying
143,Qian
144,Yue
145,Zhuge
146,Jin
147,Liang
148,Wen
149,Gu
150,Lu
151,Han
